text,title
OMG! Secret military satellite feeds caught a shocking conspiracy! Scientists have secretly proved that ancient dinosaurs are still alive on a hidden island in Antarctica! Watch this unbelievable footage before it is deleted!!!,Sample Fake
"ALERT! Aliens have officially landed in Washington and signed a secret covert alliance with the President of America! Major news agencies are refusing to report this extreme conspiracy, share immediately!",Sample Fake
SHOCKING! Aliens have officially landed in Washington and signed a secret space alliance with the President of America! This is a coverup!,Sample Fake
"OMG! Time travel is officially real! Dinosaurs are alive on a secret island, and scientists have been hiding this time machine from the public for decades!",Sample Fake
"UNBELIEVABLE: A terrifying ghost was captured on camera eating pizza under the stadium seating during a live IPL cricket match, complete coverup!",Sample Fake
BREAKING NEWS: Ancient ruins found on Mars prove that humans used to live there millions of years ago before a mysterious nuclear war destroyed the atmosphere.,Sample Fake
Scientists have just confirmed that the moon is actually an artificial hollow spacecraft made of metal by ancient aliens to spy on humanity.,Sample Fake
LOST DIARIES FOUND: Secret government files prove that dinosaurs are currently living in a subterranean world beneath Antarctica.,Sample Fake
MUST SEE: Time traveler from the year 3050 arrives with a chilling warning about the future of earth. The authorities are trying to silence him!,Sample Fake
"A mysterious creature, half-human and half-vampire, was captured roaming the abandoned streets. The military is keeping the public in lock-down.",Sample Fake
ALERT! Secret satellite feeds caught a giant UFO hovering directly above the parliament. The major media companies are refusing to report this!,Sample Fake
OMG! Secret military satellite feeds caught a shocking conspiracy! Scientists have secretly proved that ancient dinosaurs are still alive on a hidden island in Antarctica! Watch this unbelievable footage before it is deleted!!!,Sample Fake
"ALERT! Aliens have officially landed in Washington and signed a secret covert alliance with the President of America! Major news agencies are refusing to report this extreme conspiracy, share immediately!",Sample Fake
SHOCKING! Aliens have officially landed in Washington and signed a secret space alliance with the President of America! This is a coverup!,Sample Fake
"OMG! Time travel is officially real! Dinosaurs are alive on a secret island, and scientists have been hiding this time machine from the public for decades!",Sample Fake
"UNBELIEVABLE: A terrifying ghost was captured on camera eating pizza under the stadium seating during a live IPL cricket match, complete coverup!",Sample Fake
BREAKING NEWS: Ancient ruins found on Mars prove that humans used to live there millions of years ago before a mysterious nuclear war destroyed the atmosphere.,Sample Fake
Scientists have just confirmed that the moon is actually an artificial hollow spacecraft made of metal by ancient aliens to spy on humanity.,Sample Fake
LOST DIARIES FOUND: Secret government files prove that dinosaurs are currently living in a subterranean world beneath Antarctica.,Sample Fake
MUST SEE: Time traveler from the year 3050 arrives with a chilling warning about the future of earth. The authorities are trying to silence him!,Sample Fake
"A mysterious creature, half-human and half-vampire, was captured roaming the abandoned streets. The military is keeping the public in lock-down.",Sample Fake
ALERT! Secret satellite feeds caught a giant UFO hovering directly above the parliament. The major media companies are refusing to report this!,Sample Fake
OMG! Secret military satellite feeds caught a shocking conspiracy! Scientists have secretly proved that ancient dinosaurs are still alive on a hidden island in Antarctica! Watch this unbelievable footage before it is deleted!!!,Sample Fake
"ALERT! Aliens have officially landed in Washington and signed a secret covert alliance with the President of America! Major news agencies are refusing to report this extreme conspiracy, share immediately!",Sample Fake
SHOCKING! Aliens have officially landed in Washington and signed a secret space alliance with the President of America! This is a coverup!,Sample Fake
"OMG! Time travel is officially real! Dinosaurs are alive on a secret island, and scientists have been hiding this time machine from the public for decades!",Sample Fake
"UNBELIEVABLE: A terrifying ghost was captured on camera eating pizza under the stadium seating during a live IPL cricket match, complete coverup!",Sample Fake
BREAKING NEWS: Ancient ruins found on Mars prove that humans used to live there millions of years ago before a mysterious nuclear war destroyed the atmosphere.,Sample Fake
Scientists have just confirmed that the moon is actually an artificial hollow spacecraft made of metal by ancient aliens to spy on humanity.,Sample Fake
LOST DIARIES FOUND: Secret government files prove that dinosaurs are currently living in a subterranean world beneath Antarctica.,Sample Fake
MUST SEE: Time traveler from the year 3050 arrives with a chilling warning about the future of earth. The authorities are trying to silence him!,Sample Fake
"A mysterious creature, half-human and half-vampire, was captured roaming the abandoned streets. The military is keeping the public in lock-down.",Sample Fake
ALERT! Secret satellite feeds caught a giant UFO hovering directly above the parliament. The major media companies are refusing to report this!,Sample Fake
OMG! Secret military satellite feeds caught a shocking conspiracy! Scientists have secretly proved that ancient dinosaurs are still alive on a hidden island in Antarctica! Watch this unbelievable footage before it is deleted!!!,Sample Fake
"ALERT! Aliens have officially landed in Washington and signed a secret covert alliance with the President of America! Major news agencies are refusing to report this extreme conspiracy, share immediately!",Sample Fake
SHOCKING! Aliens have officially landed in Washington and signed a secret space alliance with the President of America! This is a coverup!,Sample Fake
"OMG! Time travel is officially real! Dinosaurs are alive on a secret island, and scientists have been hiding this time machine from the public for decades!",Sample Fake
"UNBELIEVABLE: A terrifying ghost was captured on camera eating pizza under the stadium seating during a live IPL cricket match, complete coverup!",Sample Fake
BREAKING NEWS: Ancient ruins found on Mars prove that humans used to live there millions of years ago before a mysterious nuclear war destroyed the atmosphere.,Sample Fake
Scientists have just confirmed that the moon is actually an artificial hollow spacecraft made of metal by ancient aliens to spy on humanity.,Sample Fake
LOST DIARIES FOUND: Secret government files prove that dinosaurs are currently living in a subterranean world beneath Antarctica.,Sample Fake
MUST SEE: Time traveler from the year 3050 arrives with a chilling warning about the future of earth. The authorities are trying to silence him!,Sample Fake
"A mysterious creature, half-human and half-vampire, was captured roaming the abandoned streets. The military is keeping the public in lock-down.",Sample Fake
ALERT! Secret satellite feeds caught a giant UFO hovering directly above the parliament. The major media companies are refusing to report this!,Sample Fake
OMG! Secret military satellite feeds caught a shocking conspiracy! Scientists have secretly proved that ancient dinosaurs are still alive on a hidden island in Antarctica! Watch this unbelievable footage before it is deleted!!!,Sample Fake
"ALERT! Aliens have officially landed in Washington and signed a secret covert alliance with the President of America! Major news agencies are refusing to report this extreme conspiracy, share immediately!",Sample Fake
SHOCKING! Aliens have officially landed in Washington and signed a secret space alliance with the President of America! This is a coverup!,Sample Fake
"OMG! Time travel is officially real! Dinosaurs are alive on a secret island, and scientists have been hiding this time machine from the public for decades!",Sample Fake
"UNBELIEVABLE: A terrifying ghost was captured on camera eating pizza under the stadium seating during a live IPL cricket match, complete coverup!",Sample Fake
BREAKING NEWS: Ancient ruins found on Mars prove that humans used to live there millions of years ago before a mysterious nuclear war destroyed the atmosphere.,Sample Fake
Scientists have just confirmed that the moon is actually an artificial hollow spacecraft made of metal by ancient aliens to spy on humanity.,Sample Fake
LOST DIARIES FOUND: Secret government files prove that dinosaurs are currently living in a subterranean world beneath Antarctica.,Sample Fake
MUST SEE: Time traveler from the year 3050 arrives with a chilling warning about the future of earth. The authorities are trying to silence him!,Sample Fake
"A mysterious creature, half-human and half-vampire, was captured roaming the abandoned streets. The military is keeping the public in lock-down.",Sample Fake
ALERT! Secret satellite feeds caught a giant UFO hovering directly above the parliament. The major media companies are refusing to report this!,Sample Fake
OMG! Secret military satellite feeds caught a shocking conspiracy! Scientists have secretly proved that ancient dinosaurs are still alive on a hidden island in Antarctica! Watch this unbelievable footage before it is deleted!!!,Sample Fake
"ALERT! Aliens have officially landed in Washington and signed a secret covert alliance with the President of America! Major news agencies are refusing to report this extreme conspiracy, share immediately!",Sample Fake
SHOCKING! Aliens have officially landed in Washington and signed a secret space alliance with the President of America! This is a coverup!,Sample Fake
"OMG! Time travel is officially real! Dinosaurs are alive on a secret island, and scientists have been hiding this time machine from the public for decades!",Sample Fake
"UNBELIEVABLE: A terrifying ghost was captured on camera eating pizza under the stadium seating during a live IPL cricket match, complete coverup!",Sample Fake
BREAKING NEWS: Ancient ruins found on Mars prove that humans used to live there millions of years ago before a mysterious nuclear war destroyed the atmosphere.,Sample Fake
Scientists have just confirmed that the moon is actually an artificial hollow spacecraft made of metal by ancient aliens to spy on humanity.,Sample Fake
LOST DIARIES FOUND: Secret government files prove that dinosaurs are currently living in a subterranean world beneath Antarctica.,Sample Fake
MUST SEE: Time traveler from the year 3050 arrives with a chilling warning about the future of earth. The authorities are trying to silence him!,Sample Fake
"A mysterious creature, half-human and half-vampire, was captured roaming the abandoned streets. The military is keeping the public in lock-down.",Sample Fake
ALERT! Secret satellite feeds caught a giant UFO hovering directly above the parliament. The major media companies are refusing to report this!,Sample Fake
OMG! Secret military satellite feeds caught a shocking conspiracy! Scientists have secretly proved that ancient dinosaurs are still alive on a hidden island in Antarctica! Watch this unbelievable footage before it is deleted!!!,Sample Fake
"ALERT! Aliens have officially landed in Washington and signed a secret covert alliance with the President of America! Major news agencies are refusing to report this extreme conspiracy, share immediately!",Sample Fake
SHOCKING! Aliens have officially landed in Washington and signed a secret space alliance with the President of America! This is a coverup!,Sample Fake
"OMG! Time travel is officially real! Dinosaurs are alive on a secret island, and scientists have been hiding this time machine from the public for decades!",Sample Fake
"UNBELIEVABLE: A terrifying ghost was captured on camera eating pizza under the stadium seating during a live IPL cricket match, complete coverup!",Sample Fake
BREAKING NEWS: Ancient ruins found on Mars prove that humans used to live there millions of years ago before a mysterious nuclear war destroyed the atmosphere.,Sample Fake
Scientists have just confirmed that the moon is actually an artificial hollow spacecraft made of metal by ancient aliens to spy on humanity.,Sample Fake
LOST DIARIES FOUND: Secret government files prove that dinosaurs are currently living in a subterranean world beneath Antarctica.,Sample Fake
MUST SEE: Time traveler from the year 3050 arrives with a chilling warning about the future of earth. The authorities are trying to silence him!,Sample Fake
"A mysterious creature, half-human and half-vampire, was captured roaming the abandoned streets. The military is keeping the public in lock-down.",Sample Fake
ALERT! Secret satellite feeds caught a giant UFO hovering directly above the parliament. The major media companies are refusing to report this!,Sample Fake
OMG! Secret military satellite feeds caught a shocking conspiracy! Scientists have secretly proved that ancient dinosaurs are still alive on a hidden island in Antarctica! Watch this unbelievable footage before it is deleted!!!,Sample Fake
"ALERT! Aliens have officially landed in Washington and signed a secret covert alliance with the President of America! Major news agencies are refusing to report this extreme conspiracy, share immediately!",Sample Fake
SHOCKING! Aliens have officially landed in Washington and signed a secret space alliance with the President of America! This is a coverup!,Sample Fake
"OMG! Time travel is officially real! Dinosaurs are alive on a secret island, and scientists have been hiding this time machine from the public for decades!",Sample Fake
"UNBELIEVABLE: A terrifying ghost was captured on camera eating pizza under the stadium seating during a live IPL cricket match, complete coverup!",Sample Fake
BREAKING NEWS: Ancient ruins found on Mars prove that humans used to live there millions of years ago before a mysterious nuclear war destroyed the atmosphere.,Sample Fake
Scientists have just confirmed that the moon is actually an artificial hollow spacecraft made of metal by ancient aliens to spy on humanity.,Sample Fake
LOST DIARIES FOUND: Secret government files prove that dinosaurs are currently living in a subterranean world beneath Antarctica.,Sample Fake
MUST SEE: Time traveler from the year 3050 arrives with a chilling warning about the future of earth. The authorities are trying to silence him!,Sample Fake
"A mysterious creature, half-human and half-vampire, was captured roaming the abandoned streets. The military is keeping the public in lock-down.",Sample Fake
ALERT! Secret satellite feeds caught a giant UFO hovering directly above the parliament. The major media companies are refusing to report this!,Sample Fake
OMG! Secret military satellite feeds caught a shocking conspiracy! Scientists have secretly proved that ancient dinosaurs are still alive on a hidden island in Antarctica! Watch this unbelievable footage before it is deleted!!!,Sample Fake
"ALERT! Aliens have officially landed in Washington and signed a secret covert alliance with the President of America! Major news agencies are refusing to report this extreme conspiracy, share immediately!",Sample Fake
SHOCKING! Aliens have officially landed in Washington and signed a secret space alliance with the President of America! This is a coverup!,Sample Fake
"OMG! Time travel is officially real! Dinosaurs are alive on a secret island, and scientists have been hiding this time machine from the public for decades!",Sample Fake
"UNBELIEVABLE: A terrifying ghost was captured on camera eating pizza under the stadium seating during a live IPL cricket match, complete coverup!",Sample Fake
BREAKING NEWS: Ancient ruins found on Mars prove that humans used to live there millions of years ago before a mysterious nuclear war destroyed the atmosphere.,Sample Fake
Scientists have just confirmed that the moon is actually an artificial hollow spacecraft made of metal by ancient aliens to spy on humanity.,Sample Fake
LOST DIARIES FOUND: Secret government files prove that dinosaurs are currently living in a subterranean world beneath Antarctica.,Sample Fake
MUST SEE: Time traveler from the year 3050 arrives with a chilling warning about the future of earth. The authorities are trying to silence him!,Sample Fake
"A mysterious creature, half-human and half-vampire, was captured roaming the abandoned streets. The military is keeping the public in lock-down.",Sample Fake
ALERT! Secret satellite feeds caught a giant UFO hovering directly above the parliament. The major media companies are refusing to report this!,Sample Fake
OMG! Secret military satellite feeds caught a shocking conspiracy! Scientists have secretly proved that ancient dinosaurs are still alive on a hidden island in Antarctica! Watch this unbelievable footage before it is deleted!!!,Sample Fake
"ALERT! Aliens have officially landed in Washington and signed a secret covert alliance with the President of America! Major news agencies are refusing to report this extreme conspiracy, share immediately!",Sample Fake
SHOCKING! Aliens have officially landed in Washington and signed a secret space alliance with the President of America! This is a coverup!,Sample Fake
"OMG! Time travel is officially real! Dinosaurs are alive on a secret island, and scientists have been hiding this time machine from the public for decades!",Sample Fake
"UNBELIEVABLE: A terrifying ghost was captured on camera eating pizza under the stadium seating during a live IPL cricket match, complete coverup!",Sample Fake
BREAKING NEWS: Ancient ruins found on Mars prove that humans used to live there millions of years ago before a mysterious nuclear war destroyed the atmosphere.,Sample Fake
Scientists have just confirmed that the moon is actually an artificial hollow spacecraft made of metal by ancient aliens to spy on humanity.,Sample Fake
LOST DIARIES FOUND: Secret government files prove that dinosaurs are currently living in a subterranean world beneath Antarctica.,Sample Fake
MUST SEE: Time traveler from the year 3050 arrives with a chilling warning about the future of earth. The authorities are trying to silence him!,Sample Fake
"A mysterious creature, half-human and half-vampire, was captured roaming the abandoned streets. The military is keeping the public in lock-down.",Sample Fake
ALERT! Secret satellite feeds caught a giant UFO hovering directly above the parliament. The major media companies are refusing to report this!,Sample Fake
OMG! Secret military satellite feeds caught a shocking conspiracy! Scientists have secretly proved that ancient dinosaurs are still alive on a hidden island in Antarctica! Watch this unbelievable footage before it is deleted!!!,Sample Fake
"ALERT! Aliens have officially landed in Washington and signed a secret covert alliance with the President of America! Major news agencies are refusing to report this extreme conspiracy, share immediately!",Sample Fake
SHOCKING! Aliens have officially landed in Washington and signed a secret space alliance with the President of America! This is a coverup!,Sample Fake
"OMG! Time travel is officially real! Dinosaurs are alive on a secret island, and scientists have been hiding this time machine from the public for decades!",Sample Fake
"UNBELIEVABLE: A terrifying ghost was captured on camera eating pizza under the stadium seating during a live IPL cricket match, complete coverup!",Sample Fake
BREAKING NEWS: Ancient ruins found on Mars prove that humans used to live there millions of years ago before a mysterious nuclear war destroyed the atmosphere.,Sample Fake
Scientists have just confirmed that the moon is actually an artificial hollow spacecraft made of metal by ancient aliens to spy on humanity.,Sample Fake
LOST DIARIES FOUND: Secret government files prove that dinosaurs are currently living in a subterranean world beneath Antarctica.,Sample Fake
MUST SEE: Time traveler from the year 3050 arrives with a chilling warning about the future of earth. The authorities are trying to silence him!,Sample Fake
"A mysterious creature, half-human and half-vampire, was captured roaming the abandoned streets. The military is keeping the public in lock-down.",Sample Fake
ALERT! Secret satellite feeds caught a giant UFO hovering directly above the parliament. The major media companies are refusing to report this!,Sample Fake
OMG! Secret military satellite feeds caught a shocking conspiracy! Scientists have secretly proved that ancient dinosaurs are still alive on a hidden island in Antarctica! Watch this unbelievable footage before it is deleted!!!,Sample Fake
"ALERT! Aliens have officially landed in Washington and signed a secret covert alliance with the President of America! Major news agencies are refusing to report this extreme conspiracy, share immediately!",Sample Fake
SHOCKING! Aliens have officially landed in Washington and signed a secret space alliance with the President of America! This is a coverup!,Sample Fake
"OMG! Time travel is officially real! Dinosaurs are alive on a secret island, and scientists have been hiding this time machine from the public for decades!",Sample Fake
"UNBELIEVABLE: A terrifying ghost was captured on camera eating pizza under the stadium seating during a live IPL cricket match, complete coverup!",Sample Fake
BREAKING NEWS: Ancient ruins found on Mars prove that humans used to live there millions of years ago before a mysterious nuclear war destroyed the atmosphere.,Sample Fake
Scientists have just confirmed that the moon is actually an artificial hollow spacecraft made of metal by ancient aliens to spy on humanity.,Sample Fake
LOST DIARIES FOUND: Secret government files prove that dinosaurs are currently living in a subterranean world beneath Antarctica.,Sample Fake
MUST SEE: Time traveler from the year 3050 arrives with a chilling warning about the future of earth. The authorities are trying to silence him!,Sample Fake
"A mysterious creature, half-human and half-vampire, was captured roaming the abandoned streets. The military is keeping the public in lock-down.",Sample Fake
ALERT! Secret satellite feeds caught a giant UFO hovering directly above the parliament. The major media companies are refusing to report this!,Sample Fake
OMG! Secret military satellite feeds caught a shocking conspiracy! Scientists have secretly proved that ancient dinosaurs are still alive on a hidden island in Antarctica! Watch this unbelievable footage before it is deleted!!!,Sample Fake
"ALERT! Aliens have officially landed in Washington and signed a secret covert alliance with the President of America! Major news agencies are refusing to report this extreme conspiracy, share immediately!",Sample Fake
SHOCKING! Aliens have officially landed in Washington and signed a secret space alliance with the President of America! This is a coverup!,Sample Fake
"OMG! Time travel is officially real! Dinosaurs are alive on a secret island, and scientists have been hiding this time machine from the public for decades!",Sample Fake
"UNBELIEVABLE: A terrifying ghost was captured on camera eating pizza under the stadium seating during a live IPL cricket match, complete coverup!",Sample Fake
BREAKING NEWS: Ancient ruins found on Mars prove that humans used to live there millions of years ago before a mysterious nuclear war destroyed the atmosphere.,Sample Fake
Scientists have just confirmed that the moon is actually an artificial hollow spacecraft made of metal by ancient aliens to spy on humanity.,Sample Fake
LOST DIARIES FOUND: Secret government files prove that dinosaurs are currently living in a subterranean world beneath Antarctica.,Sample Fake
MUST SEE: Time traveler from the year 3050 arrives with a chilling warning about the future of earth. The authorities are trying to silence him!,Sample Fake
"A mysterious creature, half-human and half-vampire, was captured roaming the abandoned streets. The military is keeping the public in lock-down.",Sample Fake
ALERT! Secret satellite feeds caught a giant UFO hovering directly above the parliament. The major media companies are refusing to report this!,Sample Fake
OMG! Secret military satellite feeds caught a shocking conspiracy! Scientists have secretly proved that ancient dinosaurs are still alive on a hidden island in Antarctica! Watch this unbelievable footage before it is deleted!!!,Sample Fake
"ALERT! Aliens have officially landed in Washington and signed a secret covert alliance with the President of America! Major news agencies are refusing to report this extreme conspiracy, share immediately!",Sample Fake
SHOCKING! Aliens have officially landed in Washington and signed a secret space alliance with the President of America! This is a coverup!,Sample Fake
"OMG! Time travel is officially real! Dinosaurs are alive on a secret island, and scientists have been hiding this time machine from the public for decades!",Sample Fake
"UNBELIEVABLE: A terrifying ghost was captured on camera eating pizza under the stadium seating during a live IPL cricket match, complete coverup!",Sample Fake
BREAKING NEWS: Ancient ruins found on Mars prove that humans used to live there millions of years ago before a mysterious nuclear war destroyed the atmosphere.,Sample Fake
Scientists have just confirmed that the moon is actually an artificial hollow spacecraft made of metal by ancient aliens to spy on humanity.,Sample Fake
LOST DIARIES FOUND: Secret government files prove that dinosaurs are currently living in a subterranean world beneath Antarctica.,Sample Fake
MUST SEE: Time traveler from the year 3050 arrives with a chilling warning about the future of earth. The authorities are trying to silence him!,Sample Fake
"A mysterious creature, half-human and half-vampire, was captured roaming the abandoned streets. The military is keeping the public in lock-down.",Sample Fake
ALERT! Secret satellite feeds caught a giant UFO hovering directly above the parliament. The major media companies are refusing to report this!,Sample Fake
OMG! Secret military satellite feeds caught a shocking conspiracy! Scientists have secretly proved that ancient dinosaurs are still alive on a hidden island in Antarctica! Watch this unbelievable footage before it is deleted!!!,Sample Fake
"ALERT! Aliens have officially landed in Washington and signed a secret covert alliance with the President of America! Major news agencies are refusing to report this extreme conspiracy, share immediately!",Sample Fake
SHOCKING! Aliens have officially landed in Washington and signed a secret space alliance with the President of America! This is a coverup!,Sample Fake
"OMG! Time travel is officially real! Dinosaurs are alive on a secret island, and scientists have been hiding this time machine from the public for decades!",Sample Fake
"UNBELIEVABLE: A terrifying ghost was captured on camera eating pizza under the stadium seating during a live IPL cricket match, complete coverup!",Sample Fake
BREAKING NEWS: Ancient ruins found on Mars prove that humans used to live there millions of years ago before a mysterious nuclear war destroyed the atmosphere.,Sample Fake
Scientists have just confirmed that the moon is actually an artificial hollow spacecraft made of metal by ancient aliens to spy on humanity.,Sample Fake
LOST DIARIES FOUND: Secret government files prove that dinosaurs are currently living in a subterranean world beneath Antarctica.,Sample Fake
MUST SEE: Time traveler from the year 3050 arrives with a chilling warning about the future of earth. The authorities are trying to silence him!,Sample Fake
"A mysterious creature, half-human and half-vampire, was captured roaming the abandoned streets. The military is keeping the public in lock-down.",Sample Fake
ALERT! Secret satellite feeds caught a giant UFO hovering directly above the parliament. The major media companies are refusing to report this!,Sample Fake
OMG! Secret military satellite feeds caught a shocking conspiracy! Scientists have secretly proved that ancient dinosaurs are still alive on a hidden island in Antarctica! Watch this unbelievable footage before it is deleted!!!,Sample Fake
"ALERT! Aliens have officially landed in Washington and signed a secret covert alliance with the President of America! Major news agencies are refusing to report this extreme conspiracy, share immediately!",Sample Fake
SHOCKING! Aliens have officially landed in Washington and signed a secret space alliance with the President of America! This is a coverup!,Sample Fake
"OMG! Time travel is officially real! Dinosaurs are alive on a secret island, and scientists have been hiding this time machine from the public for decades!",Sample Fake
"UNBELIEVABLE: A terrifying ghost was captured on camera eating pizza under the stadium seating during a live IPL cricket match, complete coverup!",Sample Fake
BREAKING NEWS: Ancient ruins found on Mars prove that humans used to live there millions of years ago before a mysterious nuclear war destroyed the atmosphere.,Sample Fake
Scientists have just confirmed that the moon is actually an artificial hollow spacecraft made of metal by ancient aliens to spy on humanity.,Sample Fake
LOST DIARIES FOUND: Secret government files prove that dinosaurs are currently living in a subterranean world beneath Antarctica.,Sample Fake
MUST SEE: Time traveler from the year 3050 arrives with a chilling warning about the future of earth. The authorities are trying to silence him!,Sample Fake
"A mysterious creature, half-human and half-vampire, was captured roaming the abandoned streets. The military is keeping the public in lock-down.",Sample Fake
ALERT! Secret satellite feeds caught a giant UFO hovering directly above the parliament. The major media companies are refusing to report this!,Sample Fake
OMG! Secret military satellite feeds caught a shocking conspiracy! Scientists have secretly proved that ancient dinosaurs are still alive on a hidden island in Antarctica! Watch this unbelievable footage before it is deleted!!!,Sample Fake
"ALERT! Aliens have officially landed in Washington and signed a secret covert alliance with the President of America! Major news agencies are refusing to report this extreme conspiracy, share immediately!",Sample Fake
SHOCKING! Aliens have officially landed in Washington and signed a secret space alliance with the President of America! This is a coverup!,Sample Fake
"OMG! Time travel is officially real! Dinosaurs are alive on a secret island, and scientists have been hiding this time machine from the public for decades!",Sample Fake
"UNBELIEVABLE: A terrifying ghost was captured on camera eating pizza under the stadium seating during a live IPL cricket match, complete coverup!",Sample Fake
BREAKING NEWS: Ancient ruins found on Mars prove that humans used to live there millions of years ago before a mysterious nuclear war destroyed the atmosphere.,Sample Fake
Scientists have just confirmed that the moon is actually an artificial hollow spacecraft made of metal by ancient aliens to spy on humanity.,Sample Fake
LOST DIARIES FOUND: Secret government files prove that dinosaurs are currently living in a subterranean world beneath Antarctica.,Sample Fake
MUST SEE: Time traveler from the year 3050 arrives with a chilling warning about the future of earth. The authorities are trying to silence him!,Sample Fake
"A mysterious creature, half-human and half-vampire, was captured roaming the abandoned streets. The military is keeping the public in lock-down.",Sample Fake
ALERT! Secret satellite feeds caught a giant UFO hovering directly above the parliament. The major media companies are refusing to report this!,Sample Fake
OMG! Secret military satellite feeds caught a shocking conspiracy! Scientists have secretly proved that ancient dinosaurs are still alive on a hidden island in Antarctica! Watch this unbelievable footage before it is deleted!!!,Sample Fake
"ALERT! Aliens have officially landed in Washington and signed a secret covert alliance with the President of America! Major news agencies are refusing to report this extreme conspiracy, share immediately!",Sample Fake
SHOCKING! Aliens have officially landed in Washington and signed a secret space alliance with the President of America! This is a coverup!,Sample Fake
"OMG! Time travel is officially real! Dinosaurs are alive on a secret island, and scientists have been hiding this time machine from the public for decades!",Sample Fake
"UNBELIEVABLE: A terrifying ghost was captured on camera eating pizza under the stadium seating during a live IPL cricket match, complete coverup!",Sample Fake
BREAKING NEWS: Ancient ruins found on Mars prove that humans used to live there millions of years ago before a mysterious nuclear war destroyed the atmosphere.,Sample Fake
Scientists have just confirmed that the moon is actually an artificial hollow spacecraft made of metal by ancient aliens to spy on humanity.,Sample Fake
LOST DIARIES FOUND: Secret government files prove that dinosaurs are currently living in a subterranean world beneath Antarctica.,Sample Fake
MUST SEE: Time traveler from the year 3050 arrives with a chilling warning about the future of earth. The authorities are trying to silence him!,Sample Fake
"A mysterious creature, half-human and half-vampire, was captured roaming the abandoned streets. The military is keeping the public in lock-down.",Sample Fake
ALERT! Secret satellite feeds caught a giant UFO hovering directly above the parliament. The major media companies are refusing to report this!,Sample Fake
OMG! Secret military satellite feeds caught a shocking conspiracy! Scientists have secretly proved that ancient dinosaurs are still alive on a hidden island in Antarctica! Watch this unbelievable footage before it is deleted!!!,Sample Fake
"ALERT! Aliens have officially landed in Washington and signed a secret covert alliance with the President of America! Major news agencies are refusing to report this extreme conspiracy, share immediately!",Sample Fake
SHOCKING! Aliens have officially landed in Washington and signed a secret space alliance with the President of America! This is a coverup!,Sample Fake
"OMG! Time travel is officially real! Dinosaurs are alive on a secret island, and scientists have been hiding this time machine from the public for decades!",Sample Fake
"UNBELIEVABLE: A terrifying ghost was captured on camera eating pizza under the stadium seating during a live IPL cricket match, complete coverup!",Sample Fake
BREAKING NEWS: Ancient ruins found on Mars prove that humans used to live there millions of years ago before a mysterious nuclear war destroyed the atmosphere.,Sample Fake
Scientists have just confirmed that the moon is actually an artificial hollow spacecraft made of metal by ancient aliens to spy on humanity.,Sample Fake
LOST DIARIES FOUND: Secret government files prove that dinosaurs are currently living in a subterranean world beneath Antarctica.,Sample Fake
MUST SEE: Time traveler from the year 3050 arrives with a chilling warning about the future of earth. The authorities are trying to silence him!,Sample Fake
"A mysterious creature, half-human and half-vampire, was captured roaming the abandoned streets. The military is keeping the public in lock-down.",Sample Fake
ALERT! Secret satellite feeds caught a giant UFO hovering directly above the parliament. The major media companies are refusing to report this!,Sample Fake
OMG! Secret military satellite feeds caught a shocking conspiracy! Scientists have secretly proved that ancient dinosaurs are still alive on a hidden island in Antarctica! Watch this unbelievable footage before it is deleted!!!,Sample Fake
"ALERT! Aliens have officially landed in Washington and signed a secret covert alliance with the President of America! Major news agencies are refusing to report this extreme conspiracy, share immediately!",Sample Fake
SHOCKING! Aliens have officially landed in Washington and signed a secret space alliance with the President of America! This is a coverup!,Sample Fake
"OMG! Time travel is officially real! Dinosaurs are alive on a secret island, and scientists have been hiding this time machine from the public for decades!",Sample Fake
"UNBELIEVABLE: A terrifying ghost was captured on camera eating pizza under the stadium seating during a live IPL cricket match, complete coverup!",Sample Fake
BREAKING NEWS: Ancient ruins found on Mars prove that humans used to live there millions of years ago before a mysterious nuclear war destroyed the atmosphere.,Sample Fake
Scientists have just confirmed that the moon is actually an artificial hollow spacecraft made of metal by ancient aliens to spy on humanity.,Sample Fake
LOST DIARIES FOUND: Secret government files prove that dinosaurs are currently living in a subterranean world beneath Antarctica.,Sample Fake
MUST SEE: Time traveler from the year 3050 arrives with a chilling warning about the future of earth. The authorities are trying to silence him!,Sample Fake
"A mysterious creature, half-human and half-vampire, was captured roaming the abandoned streets. The military is keeping the public in lock-down.",Sample Fake
ALERT! Secret satellite feeds caught a giant UFO hovering directly above the parliament. The major media companies are refusing to report this!,Sample Fake
OMG! Secret military satellite feeds caught a shocking conspiracy! Scientists have secretly proved that ancient dinosaurs are still alive on a hidden island in Antarctica! Watch this unbelievable footage before it is deleted!!!,Sample Fake
"ALERT! Aliens have officially landed in Washington and signed a secret covert alliance with the President of America! Major news agencies are refusing to report this extreme conspiracy, share immediately!",Sample Fake
SHOCKING! Aliens have officially landed in Washington and signed a secret space alliance with the President of America! This is a coverup!,Sample Fake
"OMG! Time travel is officially real! Dinosaurs are alive on a secret island, and scientists have been hiding this time machine from the public for decades!",Sample Fake
"UNBELIEVABLE: A terrifying ghost was captured on camera eating pizza under the stadium seating during a live IPL cricket match, complete coverup!",Sample Fake
BREAKING NEWS: Ancient ruins found on Mars prove that humans used to live there millions of years ago before a mysterious nuclear war destroyed the atmosphere.,Sample Fake
Scientists have just confirmed that the moon is actually an artificial hollow spacecraft made of metal by ancient aliens to spy on humanity.,Sample Fake
LOST DIARIES FOUND: Secret government files prove that dinosaurs are currently living in a subterranean world beneath Antarctica.,Sample Fake
MUST SEE: Time traveler from the year 3050 arrives with a chilling warning about the future of earth. The authorities are trying to silence him!,Sample Fake
"A mysterious creature, half-human and half-vampire, was captured roaming the abandoned streets. The military is keeping the public in lock-down.",Sample Fake
ALERT! Secret satellite feeds caught a giant UFO hovering directly above the parliament. The major media companies are refusing to report this!,Sample Fake
OMG! Secret military satellite feeds caught a shocking conspiracy! Scientists have secretly proved that ancient dinosaurs are still alive on a hidden island in Antarctica! Watch this unbelievable footage before it is deleted!!!,Sample Fake
"ALERT! Aliens have officially landed in Washington and signed a secret covert alliance with the President of America! Major news agencies are refusing to report this extreme conspiracy, share immediately!",Sample Fake
SHOCKING! Aliens have officially landed in Washington and signed a secret space alliance with the President of America! This is a coverup!,Sample Fake
"OMG! Time travel is officially real! Dinosaurs are alive on a secret island, and scientists have been hiding this time machine from the public for decades!",Sample Fake
"UNBELIEVABLE: A terrifying ghost was captured on camera eating pizza under the stadium seating during a live IPL cricket match, complete coverup!",Sample Fake
BREAKING NEWS: Ancient ruins found on Mars prove that humans used to live there millions of years ago before a mysterious nuclear war destroyed the atmosphere.,Sample Fake
Scientists have just confirmed that the moon is actually an artificial hollow spacecraft made of metal by ancient aliens to spy on humanity.,Sample Fake
LOST DIARIES FOUND: Secret government files prove that dinosaurs are currently living in a subterranean world beneath Antarctica.,Sample Fake
MUST SEE: Time traveler from the year 3050 arrives with a chilling warning about the future of earth. The authorities are trying to silence him!,Sample Fake
"A mysterious creature, half-human and half-vampire, was captured roaming the abandoned streets. The military is keeping the public in lock-down.",Sample Fake
ALERT! Secret satellite feeds caught a giant UFO hovering directly above the parliament. The major media companies are refusing to report this!,Sample Fake
OMG! Secret military satellite feeds caught a shocking conspiracy! Scientists have secretly proved that ancient dinosaurs are still alive on a hidden island in Antarctica! Watch this unbelievable footage before it is deleted!!!,Sample Fake
"ALERT! Aliens have officially landed in Washington and signed a secret covert alliance with the President of America! Major news agencies are refusing to report this extreme conspiracy, share immediately!",Sample Fake
SHOCKING! Aliens have officially landed in Washington and signed a secret space alliance with the President of America! This is a coverup!,Sample Fake
"OMG! Time travel is officially real! Dinosaurs are alive on a secret island, and scientists have been hiding this time machine from the public for decades!",Sample Fake
"UNBELIEVABLE: A terrifying ghost was captured on camera eating pizza under the stadium seating during a live IPL cricket match, complete coverup!",Sample Fake
BREAKING NEWS: Ancient ruins found on Mars prove that humans used to live there millions of years ago before a mysterious nuclear war destroyed the atmosphere.,Sample Fake
Scientists have just confirmed that the moon is actually an artificial hollow spacecraft made of metal by ancient aliens to spy on humanity.,Sample Fake
LOST DIARIES FOUND: Secret government files prove that dinosaurs are currently living in a subterranean world beneath Antarctica.,Sample Fake
MUST SEE: Time traveler from the year 3050 arrives with a chilling warning about the future of earth. The authorities are trying to silence him!,Sample Fake
"A mysterious creature, half-human and half-vampire, was captured roaming the abandoned streets. The military is keeping the public in lock-down.",Sample Fake
ALERT! Secret satellite feeds caught a giant UFO hovering directly above the parliament. The major media companies are refusing to report this!,Sample Fake
OMG! Secret military satellite feeds caught a shocking conspiracy! Scientists have secretly proved that ancient dinosaurs are still alive on a hidden island in Antarctica! Watch this unbelievable footage before it is deleted!!!,Sample Fake
"ALERT! Aliens have officially landed in Washington and signed a secret covert alliance with the President of America! Major news agencies are refusing to report this extreme conspiracy, share immediately!",Sample Fake
SHOCKING! Aliens have officially landed in Washington and signed a secret space alliance with the President of America! This is a coverup!,Sample Fake
"OMG! Time travel is officially real! Dinosaurs are alive on a secret island, and scientists have been hiding this time machine from the public for decades!",Sample Fake
"UNBELIEVABLE: A terrifying ghost was captured on camera eating pizza under the stadium seating during a live IPL cricket match, complete coverup!",Sample Fake
BREAKING NEWS: Ancient ruins found on Mars prove that humans used to live there millions of years ago before a mysterious nuclear war destroyed the atmosphere.,Sample Fake
Scientists have just confirmed that the moon is actually an artificial hollow spacecraft made of metal by ancient aliens to spy on humanity.,Sample Fake
LOST DIARIES FOUND: Secret government files prove that dinosaurs are currently living in a subterranean world beneath Antarctica.,Sample Fake
MUST SEE: Time traveler from the year 3050 arrives with a chilling warning about the future of earth. The authorities are trying to silence him!,Sample Fake
"A mysterious creature, half-human and half-vampire, was captured roaming the abandoned streets. The military is keeping the public in lock-down.",Sample Fake
ALERT! Secret satellite feeds caught a giant UFO hovering directly above the parliament. The major media companies are refusing to report this!,Sample Fake
OMG! Secret military satellite feeds caught a shocking conspiracy! Scientists have secretly proved that ancient dinosaurs are still alive on a hidden island in Antarctica! Watch this unbelievable footage before it is deleted!!!,Sample Fake
"ALERT! Aliens have officially landed in Washington and signed a secret covert alliance with the President of America! Major news agencies are refusing to report this extreme conspiracy, share immediately!",Sample Fake
SHOCKING! Aliens have officially landed in Washington and signed a secret space alliance with the President of America! This is a coverup!,Sample Fake
"OMG! Time travel is officially real! Dinosaurs are alive on a secret island, and scientists have been hiding this time machine from the public for decades!",Sample Fake
"UNBELIEVABLE: A terrifying ghost was captured on camera eating pizza under the stadium seating during a live IPL cricket match, complete coverup!",Sample Fake
BREAKING NEWS: Ancient ruins found on Mars prove that humans used to live there millions of years ago before a mysterious nuclear war destroyed the atmosphere.,Sample Fake
Scientists have just confirmed that the moon is actually an artificial hollow spacecraft made of metal by ancient aliens to spy on humanity.,Sample Fake
LOST DIARIES FOUND: Secret government files prove that dinosaurs are currently living in a subterranean world beneath Antarctica.,Sample Fake
MUST SEE: Time traveler from the year 3050 arrives with a chilling warning about the future of earth. The authorities are trying to silence him!,Sample Fake
"A mysterious creature, half-human and half-vampire, was captured roaming the abandoned streets. The military is keeping the public in lock-down.",Sample Fake
ALERT! Secret satellite feeds caught a giant UFO hovering directly above the parliament. The major media companies are refusing to report this!,Sample Fake
OMG! Secret military satellite feeds caught a shocking conspiracy! Scientists have secretly proved that ancient dinosaurs are still alive on a hidden island in Antarctica! Watch this unbelievable footage before it is deleted!!!,Sample Fake
"ALERT! Aliens have officially landed in Washington and signed a secret covert alliance with the President of America! Major news agencies are refusing to report this extreme conspiracy, share immediately!",Sample Fake
SHOCKING! Aliens have officially landed in Washington and signed a secret space alliance with the President of America! This is a coverup!,Sample Fake
"OMG! Time travel is officially real! Dinosaurs are alive on a secret island, and scientists have been hiding this time machine from the public for decades!",Sample Fake
"UNBELIEVABLE: A terrifying ghost was captured on camera eating pizza under the stadium seating during a live IPL cricket match, complete coverup!",Sample Fake
BREAKING NEWS: Ancient ruins found on Mars prove that humans used to live there millions of years ago before a mysterious nuclear war destroyed the atmosphere.,Sample Fake
Scientists have just confirmed that the moon is actually an artificial hollow spacecraft made of metal by ancient aliens to spy on humanity.,Sample Fake
LOST DIARIES FOUND: Secret government files prove that dinosaurs are currently living in a subterranean world beneath Antarctica.,Sample Fake
MUST SEE: Time traveler from the year 3050 arrives with a chilling warning about the future of earth. The authorities are trying to silence him!,Sample Fake
"A mysterious creature, half-human and half-vampire, was captured roaming the abandoned streets. The military is keeping the public in lock-down.",Sample Fake
ALERT! Secret satellite feeds caught a giant UFO hovering directly above the parliament. The major media companies are refusing to report this!,Sample Fake
OMG! Secret military satellite feeds caught a shocking conspiracy! Scientists have secretly proved that ancient dinosaurs are still alive on a hidden island in Antarctica! Watch this unbelievable footage before it is deleted!!!,Sample Fake
"ALERT! Aliens have officially landed in Washington and signed a secret covert alliance with the President of America! Major news agencies are refusing to report this extreme conspiracy, share immediately!",Sample Fake
SHOCKING! Aliens have officially landed in Washington and signed a secret space alliance with the President of America! This is a coverup!,Sample Fake
"OMG! Time travel is officially real! Dinosaurs are alive on a secret island, and scientists have been hiding this time machine from the public for decades!",Sample Fake
"UNBELIEVABLE: A terrifying ghost was captured on camera eating pizza under the stadium seating during a live IPL cricket match, complete coverup!",Sample Fake
BREAKING NEWS: Ancient ruins found on Mars prove that humans used to live there millions of years ago before a mysterious nuclear war destroyed the atmosphere.,Sample Fake
Scientists have just confirmed that the moon is actually an artificial hollow spacecraft made of metal by ancient aliens to spy on humanity.,Sample Fake
LOST DIARIES FOUND: Secret government files prove that dinosaurs are currently living in a subterranean world beneath Antarctica.,Sample Fake
MUST SEE: Time traveler from the year 3050 arrives with a chilling warning about the future of earth. The authorities are trying to silence him!,Sample Fake
"A mysterious creature, half-human and half-vampire, was captured roaming the abandoned streets. The military is keeping the public in lock-down.",Sample Fake
ALERT! Secret satellite feeds caught a giant UFO hovering directly above the parliament. The major media companies are refusing to report this!,Sample Fake
OMG! Secret military satellite feeds caught a shocking conspiracy! Scientists have secretly proved that ancient dinosaurs are still alive on a hidden island in Antarctica! Watch this unbelievable footage before it is deleted!!!,Sample Fake
"ALERT! Aliens have officially landed in Washington and signed a secret covert alliance with the President of America! Major news agencies are refusing to report this extreme conspiracy, share immediately!",Sample Fake
SHOCKING! Aliens have officially landed in Washington and signed a secret space alliance with the President of America! This is a coverup!,Sample Fake
"OMG! Time travel is officially real! Dinosaurs are alive on a secret island, and scientists have been hiding this time machine from the public for decades!",Sample Fake
"UNBELIEVABLE: A terrifying ghost was captured on camera eating pizza under the stadium seating during a live IPL cricket match, complete coverup!",Sample Fake
BREAKING NEWS: Ancient ruins found on Mars prove that humans used to live there millions of years ago before a mysterious nuclear war destroyed the atmosphere.,Sample Fake
Scientists have just confirmed that the moon is actually an artificial hollow spacecraft made of metal by ancient aliens to spy on humanity.,Sample Fake
LOST DIARIES FOUND: Secret government files prove that dinosaurs are currently living in a subterranean world beneath Antarctica.,Sample Fake
MUST SEE: Time traveler from the year 3050 arrives with a chilling warning about the future of earth. The authorities are trying to silence him!,Sample Fake
"A mysterious creature, half-human and half-vampire, was captured roaming the abandoned streets. The military is keeping the public in lock-down.",Sample Fake
ALERT! Secret satellite feeds caught a giant UFO hovering directly above the parliament. The major media companies are refusing to report this!,Sample Fake
OMG! Secret military satellite feeds caught a shocking conspiracy! Scientists have secretly proved that ancient dinosaurs are still alive on a hidden island in Antarctica! Watch this unbelievable footage before it is deleted!!!,Sample Fake
"ALERT! Aliens have officially landed in Washington and signed a secret covert alliance with the President of America! Major news agencies are refusing to report this extreme conspiracy, share immediately!",Sample Fake
SHOCKING! Aliens have officially landed in Washington and signed a secret space alliance with the President of America! This is a coverup!,Sample Fake
"OMG! Time travel is officially real! Dinosaurs are alive on a secret island, and scientists have been hiding this time machine from the public for decades!",Sample Fake
"UNBELIEVABLE: A terrifying ghost was captured on camera eating pizza under the stadium seating during a live IPL cricket match, complete coverup!",Sample Fake
BREAKING NEWS: Ancient ruins found on Mars prove that humans used to live there millions of years ago before a mysterious nuclear war destroyed the atmosphere.,Sample Fake
Scientists have just confirmed that the moon is actually an artificial hollow spacecraft made of metal by ancient aliens to spy on humanity.,Sample Fake
LOST DIARIES FOUND: Secret government files prove that dinosaurs are currently living in a subterranean world beneath Antarctica.,Sample Fake
MUST SEE: Time traveler from the year 3050 arrives with a chilling warning about the future of earth. The authorities are trying to silence him!,Sample Fake
"A mysterious creature, half-human and half-vampire, was captured roaming the abandoned streets. The military is keeping the public in lock-down.",Sample Fake
ALERT! Secret satellite feeds caught a giant UFO hovering directly above the parliament. The major media companies are refusing to report this!,Sample Fake
OMG! Secret military satellite feeds caught a shocking conspiracy! Scientists have secretly proved that ancient dinosaurs are still alive on a hidden island in Antarctica! Watch this unbelievable footage before it is deleted!!!,Sample Fake
"ALERT! Aliens have officially landed in Washington and signed a secret covert alliance with the President of America! Major news agencies are refusing to report this extreme conspiracy, share immediately!",Sample Fake
SHOCKING! Aliens have officially landed in Washington and signed a secret space alliance with the President of America! This is a coverup!,Sample Fake
"OMG! Time travel is officially real! Dinosaurs are alive on a secret island, and scientists have been hiding this time machine from the public for decades!",Sample Fake
"UNBELIEVABLE: A terrifying ghost was captured on camera eating pizza under the stadium seating during a live IPL cricket match, complete coverup!",Sample Fake
BREAKING NEWS: Ancient ruins found on Mars prove that humans used to live there millions of years ago before a mysterious nuclear war destroyed the atmosphere.,Sample Fake
Scientists have just confirmed that the moon is actually an artificial hollow spacecraft made of metal by ancient aliens to spy on humanity.,Sample Fake
LOST DIARIES FOUND: Secret government files prove that dinosaurs are currently living in a subterranean world beneath Antarctica.,Sample Fake
MUST SEE: Time traveler from the year 3050 arrives with a chilling warning about the future of earth. The authorities are trying to silence him!,Sample Fake
"A mysterious creature, half-human and half-vampire, was captured roaming the abandoned streets. The military is keeping the public in lock-down.",Sample Fake
ALERT! Secret satellite feeds caught a giant UFO hovering directly above the parliament. The major media companies are refusing to report this!,Sample Fake
OMG! Secret military satellite feeds caught a shocking conspiracy! Scientists have secretly proved that ancient dinosaurs are still alive on a hidden island in Antarctica! Watch this unbelievable footage before it is deleted!!!,Sample Fake
"ALERT! Aliens have officially landed in Washington and signed a secret covert alliance with the President of America! Major news agencies are refusing to report this extreme conspiracy, share immediately!",Sample Fake
SHOCKING! Aliens have officially landed in Washington and signed a secret space alliance with the President of America! This is a coverup!,Sample Fake
"OMG! Time travel is officially real! Dinosaurs are alive on a secret island, and scientists have been hiding this time machine from the public for decades!",Sample Fake
"UNBELIEVABLE: A terrifying ghost was captured on camera eating pizza under the stadium seating during a live IPL cricket match, complete coverup!",Sample Fake
BREAKING NEWS: Ancient ruins found on Mars prove that humans used to live there millions of years ago before a mysterious nuclear war destroyed the atmosphere.,Sample Fake
Scientists have just confirmed that the moon is actually an artificial hollow spacecraft made of metal by ancient aliens to spy on humanity.,Sample Fake
LOST DIARIES FOUND: Secret government files prove that dinosaurs are currently living in a subterranean world beneath Antarctica.,Sample Fake
MUST SEE: Time traveler from the year 3050 arrives with a chilling warning about the future of earth. The authorities are trying to silence him!,Sample Fake
"A mysterious creature, half-human and half-vampire, was captured roaming the abandoned streets. The military is keeping the public in lock-down.",Sample Fake
ALERT! Secret satellite feeds caught a giant UFO hovering directly above the parliament. The major media companies are refusing to report this!,Sample Fake
OMG! Secret military satellite feeds caught a shocking conspiracy! Scientists have secretly proved that ancient dinosaurs are still alive on a hidden island in Antarctica! Watch this unbelievable footage before it is deleted!!!,Sample Fake
"ALERT! Aliens have officially landed in Washington and signed a secret covert alliance with the President of America! Major news agencies are refusing to report this extreme conspiracy, share immediately!",Sample Fake
SHOCKING! Aliens have officially landed in Washington and signed a secret space alliance with the President of America! This is a coverup!,Sample Fake
"OMG! Time travel is officially real! Dinosaurs are alive on a secret island, and scientists have been hiding this time machine from the public for decades!",Sample Fake
"UNBELIEVABLE: A terrifying ghost was captured on camera eating pizza under the stadium seating during a live IPL cricket match, complete coverup!",Sample Fake
BREAKING NEWS: Ancient ruins found on Mars prove that humans used to live there millions of years ago before a mysterious nuclear war destroyed the atmosphere.,Sample Fake
Scientists have just confirmed that the moon is actually an artificial hollow spacecraft made of metal by ancient aliens to spy on humanity.,Sample Fake
LOST DIARIES FOUND: Secret government files prove that dinosaurs are currently living in a subterranean world beneath Antarctica.,Sample Fake
MUST SEE: Time traveler from the year 3050 arrives with a chilling warning about the future of earth. The authorities are trying to silence him!,Sample Fake
"A mysterious creature, half-human and half-vampire, was captured roaming the abandoned streets. The military is keeping the public in lock-down.",Sample Fake
ALERT! Secret satellite feeds caught a giant UFO hovering directly above the parliament. The major media companies are refusing to report this!,Sample Fake
OMG! Secret military satellite feeds caught a shocking conspiracy! Scientists have secretly proved that ancient dinosaurs are still alive on a hidden island in Antarctica! Watch this unbelievable footage before it is deleted!!!,Sample Fake
"ALERT! Aliens have officially landed in Washington and signed a secret covert alliance with the President of America! Major news agencies are refusing to report this extreme conspiracy, share immediately!",Sample Fake
SHOCKING! Aliens have officially landed in Washington and signed a secret space alliance with the President of America! This is a coverup!,Sample Fake
"OMG! Time travel is officially real! Dinosaurs are alive on a secret island, and scientists have been hiding this time machine from the public for decades!",Sample Fake
"UNBELIEVABLE: A terrifying ghost was captured on camera eating pizza under the stadium seating during a live IPL cricket match, complete coverup!",Sample Fake
BREAKING NEWS: Ancient ruins found on Mars prove that humans used to live there millions of years ago before a mysterious nuclear war destroyed the atmosphere.,Sample Fake
Scientists have just confirmed that the moon is actually an artificial hollow spacecraft made of metal by ancient aliens to spy on humanity.,Sample Fake
LOST DIARIES FOUND: Secret government files prove that dinosaurs are currently living in a subterranean world beneath Antarctica.,Sample Fake
MUST SEE: Time traveler from the year 3050 arrives with a chilling warning about the future of earth. The authorities are trying to silence him!,Sample Fake
"A mysterious creature, half-human and half-vampire, was captured roaming the abandoned streets. The military is keeping the public in lock-down.",Sample Fake
ALERT! Secret satellite feeds caught a giant UFO hovering directly above the parliament. The major media companies are refusing to report this!,Sample Fake
OMG! Secret military satellite feeds caught a shocking conspiracy! Scientists have secretly proved that ancient dinosaurs are still alive on a hidden island in Antarctica! Watch this unbelievable footage before it is deleted!!!,Sample Fake
"ALERT! Aliens have officially landed in Washington and signed a secret covert alliance with the President of America! Major news agencies are refusing to report this extreme conspiracy, share immediately!",Sample Fake
SHOCKING! Aliens have officially landed in Washington and signed a secret space alliance with the President of America! This is a coverup!,Sample Fake
"OMG! Time travel is officially real! Dinosaurs are alive on a secret island, and scientists have been hiding this time machine from the public for decades!",Sample Fake
"UNBELIEVABLE: A terrifying ghost was captured on camera eating pizza under the stadium seating during a live IPL cricket match, complete coverup!",Sample Fake
BREAKING NEWS: Ancient ruins found on Mars prove that humans used to live there millions of years ago before a mysterious nuclear war destroyed the atmosphere.,Sample Fake
Scientists have just confirmed that the moon is actually an artificial hollow spacecraft made of metal by ancient aliens to spy on humanity.,Sample Fake
LOST DIARIES FOUND: Secret government files prove that dinosaurs are currently living in a subterranean world beneath Antarctica.,Sample Fake
MUST SEE: Time traveler from the year 3050 arrives with a chilling warning about the future of earth. The authorities are trying to silence him!,Sample Fake
"A mysterious creature, half-human and half-vampire, was captured roaming the abandoned streets. The military is keeping the public in lock-down.",Sample Fake
ALERT! Secret satellite feeds caught a giant UFO hovering directly above the parliament. The major media companies are refusing to report this!,Sample Fake
OMG! Secret military satellite feeds caught a shocking conspiracy! Scientists have secretly proved that ancient dinosaurs are still alive on a hidden island in Antarctica! Watch this unbelievable footage before it is deleted!!!,Sample Fake
"ALERT! Aliens have officially landed in Washington and signed a secret covert alliance with the President of America! Major news agencies are refusing to report this extreme conspiracy, share immediately!",Sample Fake
SHOCKING! Aliens have officially landed in Washington and signed a secret space alliance with the President of America! This is a coverup!,Sample Fake
"OMG! Time travel is officially real! Dinosaurs are alive on a secret island, and scientists have been hiding this time machine from the public for decades!",Sample Fake
"UNBELIEVABLE: A terrifying ghost was captured on camera eating pizza under the stadium seating during a live IPL cricket match, complete coverup!",Sample Fake
BREAKING NEWS: Ancient ruins found on Mars prove that humans used to live there millions of years ago before a mysterious nuclear war destroyed the atmosphere.,Sample Fake
Scientists have just confirmed that the moon is actually an artificial hollow spacecraft made of metal by ancient aliens to spy on humanity.,Sample Fake
LOST DIARIES FOUND: Secret government files prove that dinosaurs are currently living in a subterranean world beneath Antarctica.,Sample Fake
MUST SEE: Time traveler from the year 3050 arrives with a chilling warning about the future of earth. The authorities are trying to silence him!,Sample Fake
"A mysterious creature, half-human and half-vampire, was captured roaming the abandoned streets. The military is keeping the public in lock-down.",Sample Fake
ALERT! Secret satellite feeds caught a giant UFO hovering directly above the parliament. The major media companies are refusing to report this!,Sample Fake
OMG! Secret military satellite feeds caught a shocking conspiracy! Scientists have secretly proved that ancient dinosaurs are still alive on a hidden island in Antarctica! Watch this unbelievable footage before it is deleted!!!,Sample Fake
"ALERT! Aliens have officially landed in Washington and signed a secret covert alliance with the President of America! Major news agencies are refusing to report this extreme conspiracy, share immediately!",Sample Fake
SHOCKING! Aliens have officially landed in Washington and signed a secret space alliance with the President of America! This is a coverup!,Sample Fake
"OMG! Time travel is officially real! Dinosaurs are alive on a secret island, and scientists have been hiding this time machine from the public for decades!",Sample Fake
"UNBELIEVABLE: A terrifying ghost was captured on camera eating pizza under the stadium seating during a live IPL cricket match, complete coverup!",Sample Fake
BREAKING NEWS: Ancient ruins found on Mars prove that humans used to live there millions of years ago before a mysterious nuclear war destroyed the atmosphere.,Sample Fake
Scientists have just confirmed that the moon is actually an artificial hollow spacecraft made of metal by ancient aliens to spy on humanity.,Sample Fake
LOST DIARIES FOUND: Secret government files prove that dinosaurs are currently living in a subterranean world beneath Antarctica.,Sample Fake
MUST SEE: Time traveler from the year 3050 arrives with a chilling warning about the future of earth. The authorities are trying to silence him!,Sample Fake
"A mysterious creature, half-human and half-vampire, was captured roaming the abandoned streets. The military is keeping the public in lock-down.",Sample Fake
ALERT! Secret satellite feeds caught a giant UFO hovering directly above the parliament. The major media companies are refusing to report this!,Sample Fake
OMG! Secret military satellite feeds caught a shocking conspiracy! Scientists have secretly proved that ancient dinosaurs are still alive on a hidden island in Antarctica! Watch this unbelievable footage before it is deleted!!!,Sample Fake
"ALERT! Aliens have officially landed in Washington and signed a secret covert alliance with the President of America! Major news agencies are refusing to report this extreme conspiracy, share immediately!",Sample Fake
SHOCKING! Aliens have officially landed in Washington and signed a secret space alliance with the President of America! This is a coverup!,Sample Fake
"OMG! Time travel is officially real! Dinosaurs are alive on a secret island, and scientists have been hiding this time machine from the public for decades!",Sample Fake
"UNBELIEVABLE: A terrifying ghost was captured on camera eating pizza under the stadium seating during a live IPL cricket match, complete coverup!",Sample Fake
BREAKING NEWS: Ancient ruins found on Mars prove that humans used to live there millions of years ago before a mysterious nuclear war destroyed the atmosphere.,Sample Fake
Scientists have just confirmed that the moon is actually an artificial hollow spacecraft made of metal by ancient aliens to spy on humanity.,Sample Fake
LOST DIARIES FOUND: Secret government files prove that dinosaurs are currently living in a subterranean world beneath Antarctica.,Sample Fake
MUST SEE: Time traveler from the year 3050 arrives with a chilling warning about the future of earth. The authorities are trying to silence him!,Sample Fake
"A mysterious creature, half-human and half-vampire, was captured roaming the abandoned streets. The military is keeping the public in lock-down.",Sample Fake
ALERT! Secret satellite feeds caught a giant UFO hovering directly above the parliament. The major media companies are refusing to report this!,Sample Fake
OMG! Secret military satellite feeds caught a shocking conspiracy! Scientists have secretly proved that ancient dinosaurs are still alive on a hidden island in Antarctica! Watch this unbelievable footage before it is deleted!!!,Sample Fake
"ALERT! Aliens have officially landed in Washington and signed a secret covert alliance with the President of America! Major news agencies are refusing to report this extreme conspiracy, share immediately!",Sample Fake
SHOCKING! Aliens have officially landed in Washington and signed a secret space alliance with the President of America! This is a coverup!,Sample Fake
"OMG! Time travel is officially real! Dinosaurs are alive on a secret island, and scientists have been hiding this time machine from the public for decades!",Sample Fake
"UNBELIEVABLE: A terrifying ghost was captured on camera eating pizza under the stadium seating during a live IPL cricket match, complete coverup!",Sample Fake
BREAKING NEWS: Ancient ruins found on Mars prove that humans used to live there millions of years ago before a mysterious nuclear war destroyed the atmosphere.,Sample Fake
Scientists have just confirmed that the moon is actually an artificial hollow spacecraft made of metal by ancient aliens to spy on humanity.,Sample Fake
LOST DIARIES FOUND: Secret government files prove that dinosaurs are currently living in a subterranean world beneath Antarctica.,Sample Fake
MUST SEE: Time traveler from the year 3050 arrives with a chilling warning about the future of earth. The authorities are trying to silence him!,Sample Fake
"A mysterious creature, half-human and half-vampire, was captured roaming the abandoned streets. The military is keeping the public in lock-down.",Sample Fake
ALERT! Secret satellite feeds caught a giant UFO hovering directly above the parliament. The major media companies are refusing to report this!,Sample Fake
OMG! Secret military satellite feeds caught a shocking conspiracy! Scientists have secretly proved that ancient dinosaurs are still alive on a hidden island in Antarctica! Watch this unbelievable footage before it is deleted!!!,Sample Fake
"ALERT! Aliens have officially landed in Washington and signed a secret covert alliance with the President of America! Major news agencies are refusing to report this extreme conspiracy, share immediately!",Sample Fake
SHOCKING! Aliens have officially landed in Washington and signed a secret space alliance with the President of America! This is a coverup!,Sample Fake
"OMG! Time travel is officially real! Dinosaurs are alive on a secret island, and scientists have been hiding this time machine from the public for decades!",Sample Fake
"UNBELIEVABLE: A terrifying ghost was captured on camera eating pizza under the stadium seating during a live IPL cricket match, complete coverup!",Sample Fake
BREAKING NEWS: Ancient ruins found on Mars prove that humans used to live there millions of years ago before a mysterious nuclear war destroyed the atmosphere.,Sample Fake
Scientists have just confirmed that the moon is actually an artificial hollow spacecraft made of metal by ancient aliens to spy on humanity.,Sample Fake
LOST DIARIES FOUND: Secret government files prove that dinosaurs are currently living in a subterranean world beneath Antarctica.,Sample Fake
MUST SEE: Time traveler from the year 3050 arrives with a chilling warning about the future of earth. The authorities are trying to silence him!,Sample Fake
"A mysterious creature, half-human and half-vampire, was captured roaming the abandoned streets. The military is keeping the public in lock-down.",Sample Fake
ALERT! Secret satellite feeds caught a giant UFO hovering directly above the parliament. The major media companies are refusing to report this!,Sample Fake
OMG! Secret military satellite feeds caught a shocking conspiracy! Scientists have secretly proved that ancient dinosaurs are still alive on a hidden island in Antarctica! Watch this unbelievable footage before it is deleted!!!,Sample Fake
"ALERT! Aliens have officially landed in Washington and signed a secret covert alliance with the President of America! Major news agencies are refusing to report this extreme conspiracy, share immediately!",Sample Fake
SHOCKING! Aliens have officially landed in Washington and signed a secret space alliance with the President of America! This is a coverup!,Sample Fake
"OMG! Time travel is officially real! Dinosaurs are alive on a secret island, and scientists have been hiding this time machine from the public for decades!",Sample Fake
"UNBELIEVABLE: A terrifying ghost was captured on camera eating pizza under the stadium seating during a live IPL cricket match, complete coverup!",Sample Fake
BREAKING NEWS: Ancient ruins found on Mars prove that humans used to live there millions of years ago before a mysterious nuclear war destroyed the atmosphere.,Sample Fake
Scientists have just confirmed that the moon is actually an artificial hollow spacecraft made of metal by ancient aliens to spy on humanity.,Sample Fake
LOST DIARIES FOUND: Secret government files prove that dinosaurs are currently living in a subterranean world beneath Antarctica.,Sample Fake
MUST SEE: Time traveler from the year 3050 arrives with a chilling warning about the future of earth. The authorities are trying to silence him!,Sample Fake
"A mysterious creature, half-human and half-vampire, was captured roaming the abandoned streets. The military is keeping the public in lock-down.",Sample Fake
ALERT! Secret satellite feeds caught a giant UFO hovering directly above the parliament. The major media companies are refusing to report this!,Sample Fake
OMG! Secret military satellite feeds caught a shocking conspiracy! Scientists have secretly proved that ancient dinosaurs are still alive on a hidden island in Antarctica! Watch this unbelievable footage before it is deleted!!!,Sample Fake
"ALERT! Aliens have officially landed in Washington and signed a secret covert alliance with the President of America! Major news agencies are refusing to report this extreme conspiracy, share immediately!",Sample Fake
SHOCKING! Aliens have officially landed in Washington and signed a secret space alliance with the President of America! This is a coverup!,Sample Fake
"OMG! Time travel is officially real! Dinosaurs are alive on a secret island, and scientists have been hiding this time machine from the public for decades!",Sample Fake
"UNBELIEVABLE: A terrifying ghost was captured on camera eating pizza under the stadium seating during a live IPL cricket match, complete coverup!",Sample Fake
BREAKING NEWS: Ancient ruins found on Mars prove that humans used to live there millions of years ago before a mysterious nuclear war destroyed the atmosphere.,Sample Fake
Scientists have just confirmed that the moon is actually an artificial hollow spacecraft made of metal by ancient aliens to spy on humanity.,Sample Fake
LOST DIARIES FOUND: Secret government files prove that dinosaurs are currently living in a subterranean world beneath Antarctica.,Sample Fake
MUST SEE: Time traveler from the year 3050 arrives with a chilling warning about the future of earth. The authorities are trying to silence him!,Sample Fake
"A mysterious creature, half-human and half-vampire, was captured roaming the abandoned streets. The military is keeping the public in lock-down.",Sample Fake
ALERT! Secret satellite feeds caught a giant UFO hovering directly above the parliament. The major media companies are refusing to report this!,Sample Fake
OMG! Secret military satellite feeds caught a shocking conspiracy! Scientists have secretly proved that ancient dinosaurs are still alive on a hidden island in Antarctica! Watch this unbelievable footage before it is deleted!!!,Sample Fake
"ALERT! Aliens have officially landed in Washington and signed a secret covert alliance with the President of America! Major news agencies are refusing to report this extreme conspiracy, share immediately!",Sample Fake
SHOCKING! Aliens have officially landed in Washington and signed a secret space alliance with the President of America! This is a coverup!,Sample Fake
"OMG! Time travel is officially real! Dinosaurs are alive on a secret island, and scientists have been hiding this time machine from the public for decades!",Sample Fake
"UNBELIEVABLE: A terrifying ghost was captured on camera eating pizza under the stadium seating during a live IPL cricket match, complete coverup!",Sample Fake
BREAKING NEWS: Ancient ruins found on Mars prove that humans used to live there millions of years ago before a mysterious nuclear war destroyed the atmosphere.,Sample Fake
Scientists have just confirmed that the moon is actually an artificial hollow spacecraft made of metal by ancient aliens to spy on humanity.,Sample Fake
LOST DIARIES FOUND: Secret government files prove that dinosaurs are currently living in a subterranean world beneath Antarctica.,Sample Fake
MUST SEE: Time traveler from the year 3050 arrives with a chilling warning about the future of earth. The authorities are trying to silence him!,Sample Fake
"A mysterious creature, half-human and half-vampire, was captured roaming the abandoned streets. The military is keeping the public in lock-down.",Sample Fake
ALERT! Secret satellite feeds caught a giant UFO hovering directly above the parliament. The major media companies are refusing to report this!,Sample Fake
OMG! Secret military satellite feeds caught a shocking conspiracy! Scientists have secretly proved that ancient dinosaurs are still alive on a hidden island in Antarctica! Watch this unbelievable footage before it is deleted!!!,Sample Fake
"ALERT! Aliens have officially landed in Washington and signed a secret covert alliance with the President of America! Major news agencies are refusing to report this extreme conspiracy, share immediately!",Sample Fake
SHOCKING! Aliens have officially landed in Washington and signed a secret space alliance with the President of America! This is a coverup!,Sample Fake
"OMG! Time travel is officially real! Dinosaurs are alive on a secret island, and scientists have been hiding this time machine from the public for decades!",Sample Fake
"UNBELIEVABLE: A terrifying ghost was captured on camera eating pizza under the stadium seating during a live IPL cricket match, complete coverup!",Sample Fake
BREAKING NEWS: Ancient ruins found on Mars prove that humans used to live there millions of years ago before a mysterious nuclear war destroyed the atmosphere.,Sample Fake
Scientists have just confirmed that the moon is actually an artificial hollow spacecraft made of metal by ancient aliens to spy on humanity.,Sample Fake
LOST DIARIES FOUND: Secret government files prove that dinosaurs are currently living in a subterranean world beneath Antarctica.,Sample Fake
MUST SEE: Time traveler from the year 3050 arrives with a chilling warning about the future of earth. The authorities are trying to silence him!,Sample Fake
"A mysterious creature, half-human and half-vampire, was captured roaming the abandoned streets. The military is keeping the public in lock-down.",Sample Fake
ALERT! Secret satellite feeds caught a giant UFO hovering directly above the parliament. The major media companies are refusing to report this!,Sample Fake
OMG! Secret military satellite feeds caught a shocking conspiracy! Scientists have secretly proved that ancient dinosaurs are still alive on a hidden island in Antarctica! Watch this unbelievable footage before it is deleted!!!,Sample Fake
"ALERT! Aliens have officially landed in Washington and signed a secret covert alliance with the President of America! Major news agencies are refusing to report this extreme conspiracy, share immediately!",Sample Fake
SHOCKING! Aliens have officially landed in Washington and signed a secret space alliance with the President of America! This is a coverup!,Sample Fake
"OMG! Time travel is officially real! Dinosaurs are alive on a secret island, and scientists have been hiding this time machine from the public for decades!",Sample Fake
"UNBELIEVABLE: A terrifying ghost was captured on camera eating pizza under the stadium seating during a live IPL cricket match, complete coverup!",Sample Fake
BREAKING NEWS: Ancient ruins found on Mars prove that humans used to live there millions of years ago before a mysterious nuclear war destroyed the atmosphere.,Sample Fake
Scientists have just confirmed that the moon is actually an artificial hollow spacecraft made of metal by ancient aliens to spy on humanity.,Sample Fake
LOST DIARIES FOUND: Secret government files prove that dinosaurs are currently living in a subterranean world beneath Antarctica.,Sample Fake
MUST SEE: Time traveler from the year 3050 arrives with a chilling warning about the future of earth. The authorities are trying to silence him!,Sample Fake
"A mysterious creature, half-human and half-vampire, was captured roaming the abandoned streets. The military is keeping the public in lock-down.",Sample Fake
ALERT! Secret satellite feeds caught a giant UFO hovering directly above the parliament. The major media companies are refusing to report this!,Sample Fake
OMG! Secret military satellite feeds caught a shocking conspiracy! Scientists have secretly proved that ancient dinosaurs are still alive on a hidden island in Antarctica! Watch this unbelievable footage before it is deleted!!!,Sample Fake
"ALERT! Aliens have officially landed in Washington and signed a secret covert alliance with the President of America! Major news agencies are refusing to report this extreme conspiracy, share immediately!",Sample Fake
SHOCKING! Aliens have officially landed in Washington and signed a secret space alliance with the President of America! This is a coverup!,Sample Fake
"OMG! Time travel is officially real! Dinosaurs are alive on a secret island, and scientists have been hiding this time machine from the public for decades!",Sample Fake
"UNBELIEVABLE: A terrifying ghost was captured on camera eating pizza under the stadium seating during a live IPL cricket match, complete coverup!",Sample Fake
BREAKING NEWS: Ancient ruins found on Mars prove that humans used to live there millions of years ago before a mysterious nuclear war destroyed the atmosphere.,Sample Fake
Scientists have just confirmed that the moon is actually an artificial hollow spacecraft made of metal by ancient aliens to spy on humanity.,Sample Fake
LOST DIARIES FOUND: Secret government files prove that dinosaurs are currently living in a subterranean world beneath Antarctica.,Sample Fake
MUST SEE: Time traveler from the year 3050 arrives with a chilling warning about the future of earth. The authorities are trying to silence him!,Sample Fake
"A mysterious creature, half-human and half-vampire, was captured roaming the abandoned streets. The military is keeping the public in lock-down.",Sample Fake
ALERT! Secret satellite feeds caught a giant UFO hovering directly above the parliament. The major media companies are refusing to report this!,Sample Fake
OMG! Secret military satellite feeds caught a shocking conspiracy! Scientists have secretly proved that ancient dinosaurs are still alive on a hidden island in Antarctica! Watch this unbelievable footage before it is deleted!!!,Sample Fake
"ALERT! Aliens have officially landed in Washington and signed a secret covert alliance with the President of America! Major news agencies are refusing to report this extreme conspiracy, share immediately!",Sample Fake
SHOCKING! Aliens have officially landed in Washington and signed a secret space alliance with the President of America! This is a coverup!,Sample Fake
"OMG! Time travel is officially real! Dinosaurs are alive on a secret island, and scientists have been hiding this time machine from the public for decades!",Sample Fake
"UNBELIEVABLE: A terrifying ghost was captured on camera eating pizza under the stadium seating during a live IPL cricket match, complete coverup!",Sample Fake
BREAKING NEWS: Ancient ruins found on Mars prove that humans used to live there millions of years ago before a mysterious nuclear war destroyed the atmosphere.,Sample Fake
Scientists have just confirmed that the moon is actually an artificial hollow spacecraft made of metal by ancient aliens to spy on humanity.,Sample Fake
LOST DIARIES FOUND: Secret government files prove that dinosaurs are currently living in a subterranean world beneath Antarctica.,Sample Fake
MUST SEE: Time traveler from the year 3050 arrives with a chilling warning about the future of earth. The authorities are trying to silence him!,Sample Fake
"A mysterious creature, half-human and half-vampire, was captured roaming the abandoned streets. The military is keeping the public in lock-down.",Sample Fake
ALERT! Secret satellite feeds caught a giant UFO hovering directly above the parliament. The major media companies are refusing to report this!,Sample Fake
